UDI,Product ID,Type,Air temperature [K],Process temperature [K],Rotational speed [rpm],Torque [Nm],Tool wear [min],Machine failure,TWF,HDF,PWF,OSF,RNF
138,L47317,L,298.7,308.6,1297,55.3,148,0,0,0,0,0,0
181,L47360,L,298.2,308.3,1475,49.9,47,0,0,0,0,0,0
183,M15042,M,298.1,308.2,1342,48.1,54,0,0,0,0,0,0
195,M15054,M,298.2,308.5,2678,10.7,86,1,0,0,1,0,0
227,L47406,L,298.3,308.4,1329,49.2,166,0,0,0,0,0,0
265,L47444,L,298.1,308.2,1390,47.5,33,0,0,0,0,0,0
266,L47445,L,298.0,308.1,1454,37.1,35,0,0,0,0,0,0
301,L47480,L,297.8,308.4,1622,38.3,134,0,0,0,0,0,0
328,L47507,L,297.7,308.5,1373,56.7,203,1,0,0,0,1,0
593,H30006,H,297.5,309.5,1668,27.9,240,0,0,0,0,0,0
595,H30008,H,297.6,309.6,1278,50.4,2,0,0,0,0,0,0
599,L47778,L,297.7,309.6,1480,47.9,18,0,0,0,0,0,0
639,L47818,L,298.0,309.6,1536,37.3,120,0,0,0,0,0,0
657,M15516,M,297.7,309.1,1732,28.1,167,0,0,0,0,0,0
692,L47871,L,297.7,309.1,1563,39.3,56,0,0,0,0,0,0
707,M15566,M,297.8,309.0,1434,43.3,96,0,0,0,0,0,0
791,L47970,L,296.8,307.9,1420,45.4,70,0,0,0,0,0,0
903,L48082,L,295.6,306.1,1383,48.7,147,0,0,0,0,0,0
926,H30339,H,295.6,306.1,1623,30.9,210,0,0,0,0,0,0
965,L48144,L,295.7,306.5,1737,26.2,97,0,0,0,0,0,0
1065,M15924,M,296.8,307.9,1409,44.3,145,0,0,0,0,0,0
1069,L48248,L,296.8,307.8,1394,47.7,155,0,0,0,0,0,0
1088,H30501,H,296.9,307.8,1549,35.8,206,1,1,0,0,0,0
1106,M15965,M,296.6,307.5,1734,27.0,50,0,0,0,0,0,0
1135,M15994,M,296.9,307.8,1426,50.7,130,0,0,0,0,0,0
1193,M16052,M,297.2,308.3,1431,43.7,46,0,0,0,0,0,0
1252,M16111,M,297.4,308.8,1359,48.7,220,0,0,0,0,0,0
1293,M16152,M,298.7,309.7,1868,23.8,118,0,0,0,0,0,0
1314,L48493,L,298.9,310.2,1359,56.9,166,0,0,0,0,0,0
1547,L48726,L,298.4,308.9,1391,48.4,100,0,0,0,0,0,0
1587,M16446,M,298.3,308.4,1486,44.2,196,0,0,0,0,0,0
1702,L48881,L,298.0,307.7,1479,42.5,47,0,0,0,0,0,0
1731,M16590,M,298.3,307.8,1330,55.4,114,0,0,0,0,0,0
1746,L48925,L,298.5,308.0,1624,29.8,160,0,0,0,0,0,0
1768,M16627,M,298.3,307.7,1520,41.4,10,0,0,0,0,0,0
1808,L48987,L,298.0,307.6,1654,28.9,123,0,0,0,0,0,0
1925,L49104,L,297.9,307.7,1353,50.7,13,0,0,0,0,0,0
1998,L49177,L,298.3,308.1,1672,41.3,0,0,0,0,0,0,0
2024,L49203,L,298.7,308.5,1444,54.2,62,0,0,0,0,0,0
2119,H31532,H,299.3,308.9,1429,43.0,96,0,0,0,0,0,0
2132,L49311,L,299.4,309.1,1432,45.4,137,0,0,0,0,0,0
2219,L49398,L,299.7,309.1,1713,33.5,141,0,0,0,0,0,0
2359,M17218,M,299.2,308.4,1381,42.5,54,0,0,0,0,0,0
2376,M17235,M,299.2,308.4,1476,32.7,101,0,0,0,0,0,0
2380,H31793,H,299.1,308.2,1450,46.1,112,0,0,0,0,0,0
2458,L49637,L,299.0,308.6,1661,32.2,106,0,0,0,0,0,0
2477,H31890,H,298.9,308.4,1449,42.4,149,0,0,0,0,0,0
2581,L49760,L,299.3,309.1,1293,53.7,189,0,0,0,0,0,0
2589,L49768,L,299.0,308.7,1706,28.6,206,0,0,0,0,0,0
2758,L49937,L,299.8,309.2,1439,36.1,203,0,0,0,0,0,0
2787,M17646,M,300.2,309.5,1630,28.3,51,0,0,0,0,0,0
2861,H32274,H,300.6,309.4,1463,49.2,235,0,0,0,0,0,0
2908,M17767,M,300.6,309.4,1581,35.7,117,0,0,0,0,0,0
2941,L50120,L,300.9,309.7,2355,14.4,201,0,0,0,0,0,0
2998,L50177,L,300.5,309.8,1345,62.7,153,0,0,0,0,0,0
3151,L50330,L,300.4,309.8,1513,32.9,117,0,0,0,0,0,0
3165,L50344,L,300.4,309.7,1685,31.3,152,0,0,0,0,0,0
3195,L50374,L,300.0,309.0,1454,51.7,2,0,0,0,0,0,0
3218,L50397,L,300.6,309.5,2025,21.4,64,0,0,0,0,0,0
3220,M18079,M,300.6,309.6,1503,38.4,68,0,0,0,0,0,0
3228,M18087,M,300.5,309.3,1589,34.9,91,0,0,0,0,0,0
3294,M18153,M,301.2,310.3,1357,54.5,49,0,0,0,0,0,0
3303,L50482,L,301.3,310.5,1503,48.6,72,0,0,0,0,0,0
3337,L50516,L,301.6,310.8,1535,35.4,148,0,0,0,0,0,0
3409,M18268,M,301.2,310.4,1382,41.6,117,0,0,0,0,0,0
3480,M18339,M,301.8,310.8,1619,31.0,76,0,0,0,0,0,0
3502,H32915,H,301.9,311.0,1291,63.6,137,0,0,0,0,0,0
3630,L50809,L,302.1,311.3,1415,44.1,43,0,0,0,0,0,0
3677,M18536,M,302.2,311.5,1562,38.0,162,0,0,0,0,0,0
3735,M18594,M,302.2,311.2,1873,24.0,99,0,0,0,0,0,0
3749,L50928,L,302.5,311.1,1493,39.0,137,0,0,0,0,0,0
3765,L50944,L,302.4,311.0,1329,54.6,176,0,0,0,0,0,0
3787,L50966,L,302.3,310.9,1587,36.6,20,0,0,0,0,0,0
3811,M18670,M,302.2,310.8,1562,38.1,78,0,0,0,0,0,0
3813,L50992,L,302.0,310.6,1392,50.0,84,0,0,0,0,0,0
3857,M18716,M,302.4,311.2,1330,58.6,201,0,0,0,0,0,0
3944,L51123,L,302.3,311.4,1333,66.7,205,1,0,0,1,1,0
4067,M18926,M,301.9,310.7,1472,47.0,73,0,0,0,0,0,0
4073,L51252,L,301.9,310.6,1610,33.4,87,0,0,0,0,0,0
4107,L51286,L,301.9,310.5,1425,51.1,173,0,0,0,0,0,0
4128,H33541,H,302.0,310.6,1438,43.2,12,0,0,0,0,0,0
4145,L51324,L,301.8,310.1,1738,28.0,58,0,0,0,0,0,0
4208,M19067,M,302.3,310.9,1710,30.4,218,1,1,0,0,0,0
4269,L51448,L,302.7,311.0,1694,29.8,150,0,0,0,0,0,0
4378,M19237,M,301.8,309.6,1436,49.0,214,0,0,0,0,0,0
4409,L51588,L,302.4,310.1,2009,18.9,59,0,0,0,0,0,0
4451,L51630,L,302.5,310.3,1551,37.3,168,0,0,0,0,0,0
4519,L51698,L,302.4,310.3,1480,45.8,123,0,0,0,0,0,0
4597,L51776,L,303.0,311.2,1361,47.6,106,1,0,1,0,0,0
4606,H34019,H,302.9,311.0,1469,48.7,130,0,0,0,0,0,0
4722,L51901,L,303.5,311.8,1927,21.9,195,0,0,0,0,0,0
4750,L51929,L,303.2,311.2,1404,50.9,31,0,0,0,0,0,0
4804,L51983,L,303.6,312.5,1710,31.4,180,0,0,0,0,0,0
4836,M19695,M,303.4,311.9,1419,50.9,39,0,0,0,0,0,0
4860,L52039,L,303.7,312.4,1535,38.6,107,0,0,0,0,0,0
4888,L52067,L,303.7,312.5,1481,33.3,182,0,0,0,0,0,0
4901,L52080,L,303.6,312.4,1388,41.9,221,0,0,0,0,0,0
4911,M19770,M,303.5,312.4,1606,31.7,22,0,0,0,0,0,0
4997,M19856,M,303.6,312.8,1400,43.2,23,0,0,0,0,0,0
5006,M19865,M,303.7,312.9,1444,52.7,46,0,0,0,0,0,0
5023,L52202,L,304.0,313.1,1404,47.1,90,0,0,0,0,0,0
5051,H34464,H,304.0,313.0,1701,30.4,171,0,0,0,0,0,0
5064,H34477,H,304.0,312.9,1495,46.6,0,0,0,0,0,0,0
5080,M19939,M,304.2,313.4,1411,54.8,44,0,0,0,0,0,0
5083,H34496,H,304.1,313.2,1590,43.4,52,0,0,0,0,0,0
5091,M19950,M,303.9,313.2,1570,40.7,74,0,0,0,0,0,0
5110,M19969,M,304.0,313.4,1389,45.8,123,0,0,0,0,0,0
5117,L52296,L,304.2,313.8,1401,53.9,142,0,0,0,0,0,0
5229,M20088,M,303.9,313.1,1343,61.4,14,0,0,0,0,0,0
5486,L52665,L,302.6,312.1,1344,51.0,206,0,0,0,0,0,0
5525,L52704,L,302.6,311.9,1633,30.9,89,0,0,0,0,0,0
5556,L52735,L,302.5,312.0,1411,44.2,177,0,0,0,0,0,0
5559,L52738,L,302.5,311.9,1553,40.1,187,0,0,0,0,0,0
5648,H35061,H,302.5,311.8,2370,14.7,198,0,0,0,0,0,0
5671,L52850,L,302.2,311.5,1424,45.2,39,0,0,0,0,0,0
5689,M20548,M,302.3,311.7,1423,44.6,93,0,0,0,0,0,0
5703,L52882,L,302.3,311.7,1544,43.2,128,0,0,0,0,0,0
5794,L52973,L,301.8,311.3,1471,44.2,148,0,0,0,0,0,0
5811,L52990,L,301.3,311.0,1856,21.9,189,0,0,0,0,0,0
5826,L53005,L,301.3,311.1,1413,42.0,221,0,0,0,0,0,0
5991,M20850,M,300.7,310.7,1343,51.6,211,0,0,0,0,0,0
6010,L53189,L,300.6,310.6,1931,22.0,24,0,0,0,0,0,0
6024,M20883,M,300.7,310.9,1369,51.2,63,0,0,0,0,0,0
6172,L53351,L,300.8,310.6,1416,42.2,225,0,0,0,0,0,0
6208,L53387,L,300.7,310.6,1447,40.7,82,0,0,0,0,0,0
6213,L53392,L,300.8,310.6,1402,53.7,93,0,0,0,0,0,0
6317,L53496,L,300.9,310.4,1544,36.0,148,0,0,0,0,0,0
6359,M21218,M,300.2,309.8,1466,45.7,41,0,0,0,0,0,0
6377,L53556,L,300.0,309.6,1694,28.7,94,0,0,0,0,0,0
6391,L53570,L,300.3,309.8,1450,55.0,135,0,0,0,0,0,0
6429,M21288,M,300.2,309.8,1743,24.1,18,0,0,0,0,0,0
6498,L53677,L,300.8,309.9,1312,65.3,192,1,0,0,0,1,0
6503,L53682,L,300.9,310.0,2595,13.7,207,0,0,0,0,0,0
6520,L53699,L,301.1,310.1,1417,46.9,35,0,0,0,0,0,0
6618,L53797,L,301.6,310.6,1321,60.8,73,0,0,0,0,0,0
6681,L53860,L,301.5,310.8,1417,49.7,5,0,0,0,0,0,0
6729,L53908,L,301.5,310.9,1891,23.2,122,0,0,0,0,0,0
6768,L53947,L,301.3,310.9,1509,41.7,16,0,0,0,0,0,0
6788,H36201,H,301.1,310.6,1388,58.5,68,0,0,0,0,0,0
6917,M21776,M,300.9,311.3,1603,31.8,190,0,0,0,0,0,0
6970,M21829,M,300.8,311.1,1583,32.1,116,0,0,0,0,0,0
7097,L54276,L,300.6,310.2,1489,47.8,21,0,0,0,0,0,0
7118,L54297,L,300.9,310.5,1570,40.1,79,0,0,0,0,0,0
7146,L54325,L,300.5,310.0,1413,44.5,152,0,0,0,0,0,0
7162,L54341,L,300.2,310.2,1440,42.9,191,0,0,0,0,0,0
7327,M22186,M,299.9,310.5,1335,52.9,180,0,0,0,0,0,0
7350,L54529,L,299.7,310.2,1633,36.5,24,0,0,0,0,0,0
7413,L54592,L,300.0,311.0,1637,33.6,181,0,0,0,0,0,0
7414,M22273,M,300.1,311.1,1616,35.2,183,0,0,0,0,0,0
7432,M22291,M,300.0,311.4,1352,61.8,10,0,0,0,0,0,0
7542,M22401,M,300.3,311.5,1528,40.9,76,0,0,0,0,0,0
7577,M22436,M,300.3,311.1,1477,44.2,166,0,0,0,0,0,0
7645,L54824,L,300.4,311.4,1424,44.6,127,0,0,0,0,0,0
7722,L54901,L,300.5,311.6,1425,42.4,102,0,0,0,0,0,0
7740,L54919,L,300.5,311.9,1576,31.1,149,0,0,0,0,0,0
7861,L55040,L,300.5,312.0,1415,44.6,23,0,0,0,0,0,0
7903,M22762,M,300.7,312.3,1430,47.2,131,0,0,0,0,0,0
7922,L55101,L,300.7,311.9,1419,47.7,179,0,0,0,0,0,0
7944,L55123,L,300.8,311.7,1753,29.0,8,0,0,0,0,0,0
8028,L55207,L,300.6,311.9,1425,44.9,224,0,0,0,0,0,0
8057,L55236,L,300.1,311.5,1499,43.4,65,0,0,0,0,0,0
8143,M23002,M,299.7,311.0,1448,49.8,80,0,0,0,0,0,0
8178,L55357,L,299.7,311.1,1439,44.9,174,0,0,0,0,0,0
8181,M23040,M,299.7,311.2,1616,42.3,180,0,0,0,0,0,0
8233,L55412,L,299.1,310.6,1326,49.7,78,0,0,0,0,0,0
8286,L55465,L,298.9,310.6,1387,52.7,2,0,0,0,0,0,0
8319,H37732,H,298.7,309.7,1565,39.3,94,0,0,0,0,0,0
8358,L55537,L,298.5,309.5,1385,46.3,203,1,1,0,0,0,0
8418,H37831,H,298.8,310.1,1704,30.7,150,0,0,0,0,0,0
8440,L55619,L,298.6,309.8,1637,34.6,207,0,0,0,0,0,0
8450,L55629,L,298.4,309.9,1725,27.8,21,0,0,0,0,0,0
8485,L55664,L,298.4,309.5,1397,50.3,110,0,0,0,0,0,0
8508,L55687,L,298.4,309.7,1518,39.8,165,0,0,0,0,0,0
8513,H37926,H,298.3,309.6,1546,36.2,177,0,0,0,0,0,0
8520,L55699,L,298.3,309.6,1420,44.1,197,0,0,0,0,0,0
8567,M23426,M,297.9,308.7,1751,26.6,111,0,0,0,0,0,0
8591,L55770,L,297.4,307.9,1557,35.5,174,0,0,0,0,0,0
8595,L55774,L,297.4,308.0,1356,51.9,184,0,0,0,0,0,0
8612,L55791,L,297.4,308.3,1472,45.5,2,0,0,0,0,0,0
8644,L55823,L,297.5,308.5,1448,54.3,83,0,0,0,0,0,0
8647,L55826,L,297.5,308.6,1497,43.9,91,0,0,0,0,0,0
8956,M23815,M,297.4,308.0,1355,55.1,63,0,0,0,0,0,0
8979,L56158,L,296.9,307.6,1435,45.0,119,0,0,0,0,0,0
9014,H38427,H,297.2,308.0,1435,43.0,202,0,0,0,0,0,0
9035,H38448,H,297.4,308.2,1585,46.2,37,0,0,0,0,0,0
9101,L56280,L,297.3,308.2,1446,53.5,7,0,0,0,0,0,0
9120,M23979,M,297.4,308.4,1675,29.5,59,0,0,0,0,0,0
9218,L56397,L,297.8,308.8,1421,49.6,101,0,0,0,0,0,0
9267,L56446,L,298.2,308.9,1737,25.5,26,0,0,0,0,0,0
9413,L56592,L,298.0,308.5,1702,26.7,203,0,0,0,0,0,0
9641,L56820,L,299.4,310.5,1514,36.1,169,0,0,0,0,0,0
9647,L56826,L,299.4,310.4,1582,31.7,181,0,0,0,0,0,0
9701,M24560,M,298.9,309.8,1353,53.7,71,0,0,0,0,0,0
9835,M24694,M,298.3,309.1,1632,32.7,0,0,0,0,0,0,0
9838,M24697,M,298.4,309.3,1355,50.6,8,0,0,0,0,0,0
9885,L57064,L,298.7,309.5,1673,30.8,141,0,0,0,0,0,0
9896,L57075,L,298.8,309.4,1387,54.1,171,0,0,0,0,0,0
9905,L57084,L,298.6,309.1,1537,35.7,198,0,0,0,0,0,0
9956,M24815,M,298.2,307.9,1462,38.8,124,0,0,0,0,0,0
9998,M24857,M,299.0,308.6,1645,33.4,22,0,0,0,0,0,0
